[
  {
    "cardno": 1,
    "mid": 2,
    "lockerno": "qui est esse",
    "eid": "est rerum tempore vitae\nsequi sint nihil reprehenderit dolor beatae ea dolores neque\nfugiat blanditiis voluptate porro vel nihil molestiae ut reiciendis\nqui aperiam non debitis possimus qui neque nisi nulla",
    "item": "strong machine",
    "createdon": "12/08/2023 11:30pm",
    "expiredon": "7/11/2024",
    "lockerpin": 45
  },
  {
    "cardno": 1,
    "mid": 2,
    "lockerno": "qui est esse",
    "eid": "est rerum tempore vitae\nsequi sint nihil reprehenderit dolor beatae ea dolores neque\nfugiat blanditiis voluptate porro vel nihil molestiae ut reiciendis\nqui aperiam non debitis possimus qui neque nisi nulla",
    "item": "strong machine",
    "createdon": "12/08/2023 11:30pm",
    "expiredon": "7/11/2024",
    "lockerpin": 45
  },
  {
    "cardno": 1,
    "mid": 2,
    "lockerno": "qui est esse",
    "eid": "est rerum tempore vitae\nsequi sint nihil reprehenderit dolor beatae ea dolores neque\nfugiat blanditiis voluptate porro vel nihil molestiae ut reiciendis\nqui aperiam non debitis possimus qui neque nisi nulla",
    "item": "strong machine",
    "createdon": "12/08/2023 11:30pm",
    "expiredon": "7/11/2024",
    "lockerpin": 45
  },
  {
    "cardno": 1,
    "mid": 2,
    "lockerno": "qui est esse",
    "eid": "est rerum tempore vitae\nsequi sint nihil reprehenderit dolor beatae ea dolores neque\nfugiat blanditiis voluptate porro vel nihil molestiae ut reiciendis\nqui aperiam non debitis possimus qui neque nisi nulla",
    "item": "strong machine",
    "createdon": "12/08/2023 11:30pm",
    "expiredon": "7/11/2024",
    "lockerpin": 45
  }
]
